usename,auid,desig,vrah,vram,vras,vded,vdem,vdes,vspec,vvmag,vbmv,cname,crah,cram,cras,cded,cdem,cdes,cvmag,cbmv,kname,krah,kram,kras,kded,kdem,kdes,kvmag,deltabmv
YY PSC,000-BDC-724,2356-06,0,1,57.6189,-6,0,50.66,M3III,4.401,1.633,HR 9067,23,58,40.3775,-3,33,21.54,4.857,0.93,HR 9041,23,52,55.5654,-3,9,19.734,5.928,0.703
AD CET,000-BBB-335,0009-08,0,14,27.6282,-7,46,49.916,M3III,5.125,1.594,HR 16,0,8,17.5325,-8,49,26.804,5.985,1.035,HR 29,0,10,18.8698,-5,14,54.916,5.835,0.559
KHI PEG,000-BBB-338,0009+19,0,14,36.1645,20,12,24.126,M2III,4.796,1.573,HR 22,0,9,2.4247,18,12,43.067,5.532,1.038,HR 131,0,32,35.4859,20,17,39.539,5.367,0.535
T CET,000-BBB-510,0016-20,0,21,46.2737,-20,3,28.885,M5/M6Ib/II,5.334,1.806,SAO 166296,0,28,21.0961,-20,20,6.182,6.417,0.595,SAO 147205,0,17,32.7031,-19,3,3.93,6.445,1.211
TU CAS,000-BBB-663,0020+50,0,26,19.4474,51,16,49.301,F3II...,7.177,0.35,SAO 21418,0,27,52.1821,50,54,44.459,8.946,0.57,SAO 21537,0,35,13.7717,51,50,17.595,7.38,-0.22
AG CET,000-BBB-683,0022-12,0,28,0.5473,-11,39,31.689,M5III,7.25,1.42,SAO 147175,0,14,48.2095,-14,10,39.716,6.811,0.268,SAO 147237,0,22,51.7883,-12,12,33.977,6.389,1.152
TV PSC,000-BBB-684,0022+17,0,28,2.915,17,53,35.249,M3III,4.916,1.654,SAO 91912,0,28,12.7039,16,26,42.236,6.06,1.58,SAO 91909,0,27,58.4659,19,30,50.54,6.38,0.074
KAP CAS,000-BBB-806,0027+62,0,33,0.0,62,55,54,B1Ia,4.161,0.135,HD 6961,1,11,6.2,55,9,0,4.333,0.170,HD 5015,0,53,4.2,61,7,26,4.797,-0.035
ALF CAS,000-BBB-937,0034+55,0,40,30.4,56,32,14,K0IIICN+1,2.225,1.168,HD 5395,0,56,39.9,59,10,52,4.629,0.956,HD 9927,1,37,59.6,48,37,42,3.572,0.212
EG AND,000-BBC-010,0039+40,0,44,37.1869,40,40,45.707,M2III:e,7.2,1.675,SAO 54074,0,40,49.2696,40,11,13.824,7.364,0.94,SAO 54147,0,47,20.1413,39,1,46.734,7.53,0.735
NSV 293,000-BFQ-060,0041+14,0,46,32.9582,15,28,31.816,M4IIIa,5.341,1.616,HR 225,0,48,58.7083,16,56,26.318,5.076,0.504,HR 213,0,47,1.4585,11,58,25.857,5.5,1.112
NSV 305,000-BCY-640,0043+56,0,49,13.8704,57,4,30.074,M2III,7.07,1.77,HD 4029,0,43,26.4649,56,32,2.469,7.837,0.912,HD 5258,0,55,9.7739,57,16,34.106,7.461,0.858
BQ TUC,000-BCY-657,0049-63,0,53,37.874,-62,52,16.866,M4III,5.7,1.57,HR 186,0,42,41.9499,-60,15,46.107,5.977,1.32,HR 176,0,40,25.6699,-59,27,16.576,5.89,0.25
GAM CAS,000-BBC-215,0050+60,0,56,42.5317,60,43,0.265,B0IVpe,2.414,-0.141,SAO 11484,0,56,46.9733,60,21,46.21,5.55,-0.07,SAO 11444,0,53,4.1967,61,7,26.291,4.797,-0.071
WW PSC,000-BCY-665,0054+05,0,59,49.6866,6,28,59.611,M2III,6.108,1.671,HR 294,1,2,56.6084,7,53,24.488,4.271,0.961,HR 307,1,4,52.6374,5,39,22.542,6.404,0.71
CC TUC,000-BCY-683,0058-66,1,2,42.9067,-65,27,21.967,M2III,6.241,1.634,HR 270,0,55,0.3126,-69,31,37.503,5.447,1.095,HR 420,1,25,5.3067,-64,22,10.12,5.917,0.539
V442 AND,000-BCY-681,0058+47,1,3,53.3587,47,38,32.262,B2IVe,6.814,-0.036,HR 189,0,44,26.1917,47,51,50.342,5.649,-0.125,HR 289,1,3,1.5471,47,22,34.168,6.463,0.089
RU CAS,000-BBC-486,0105+64,1,11,41.4,65,1,8,B9IV,5.558,-0.091,HD 6960,1,11,25.6,64,12,10,5.551,-0.066,HD 5015,0,53,4.2,61,7,26,4.797,-0.025
NSV 15283,000-BBC-751,,1,20,4.9,58,13,54,F0Ia,4.990,0.681,HD 5015,0,53,4.2,61,7,26,4.797,0.540,HD 5395,0,56,39.9,59,10,52,4.629,0.141
RR ARI,000-BCT-813,0150+23,1,55,51,23,34,38,K0III,5.75,1.188,HD 13174,2,9,25.3,25,56,23,4.989,0.335,HD 13363,2,11,12.1,25,56,13,6.009,0.853
AR CET,000-BCV-438,0155-09,2,0,26.823,-8,31,25.943,M5III,5.498,1.516,HD 11964,1,57,9.6064,-10,14,32.739,6.416,0.82,HD 11131,1,49,23.3569,-10,42,12.816,6.75,0.696
NSV 15429,000-BCY-793,0157+13,2,2,35.0778,13,28,36.177,M2III,5.97,1.592,HR 624,2,9,23.1104,17,13,27.106,6.41,0.425,HR 609,2,3,42.6083,18,15,11.657,6.215,1.167
WZ PSC,000-BCY-797,0200+07,2,6,12.2632,8,14,53.211,M2III:,6.298,1.646,HR 635,2,11,21.0792,8,34,11.298,5.63,0.556,HD 15228,2,27,23.3891,10,11,53.975,6.495,1.09
V472 PER,000-BCW-796,0201+57,2,8,40.6,58,25,25,A1Ia,5.691,0.614,HD 18925,3,4,47.8,53,30,23,2.929,0.701,HD 13530,2,13,36.0,51,3,58,5.310,-0.087
AV ARI,000-BCT-839,0205+19,2,10,37.6,19,30,1,M3III,5.701,1.644,HR 609,2,3,42.6083,18,15,11.657,6.215,1.424,HR 646,2,12,48.0855,21,12,39.575,5.285,0.22
NSV 748,000-BCX-623,0207+14,2,13,3.3053,15,16,47.494,M0III,5.706,1.548,HR 624,2,9,23.1104,17,13,27.106,6.41,0.425,HR 609,2,3,42.6083,18,15,11.657,6.215,1.123
OMI CET,000-BBD-706,0214-03,2,19,20.7927,-2,58,39.513,M7,4.954,1.549,SAO 129798,2,16,59.0442,-6,25,19.618,5.506,0.962,SAO 129959,2,32,9.4209,-1,2,5.626,5.357,0.587
NSV 805,000-BBD-750,0216-00,2,21,56.6272,0,23,44.432,M2III,5.287,1.651,HR 672,2,18,1.4399,1,45,28.087,5.587,0.594,HR 739,2,32,9.4209,-1,2,5.626,5.351,1.057
V474 PER,000-BCW-797,0215+55,2,22,21.4,55,50,44,A2Ia,5.178,0.369,HD 18925,3,4,47.8,53,30,23,2.929,0.701,HD 13530,2,13,36.0,51,3,58,5.310,-0.332
ALF UMI,000-BBF-045,0122+88,2,31,49.08,89,15,50.79,F7:Ib-IIv,2.012,0.601,HD 5848,1,8,44.9,86,15,26,4.226,1.207,HD 26659,4,30,0.3,83,20,25,5.46,-0.606
15 TRI,000-BBF-143,0231+33C,2,35,46.8113,34,41,15.21,M3III,5.38,1.652,HR 738,2,32,52.6193,34,32,32.675,5.832,1.075,HR 736,2,32,6.1705,36,8,50.177,5.155,0.577
Z ERI,000-BBF-457,0243-12,2,47,55.9224,-12,27,38.337,M5III,6.815,1.586,SAO 148550,2,41,34.129,-14,32,57.393,5.973,0.423,SAO 148549,2,41,30.1727,-15,6,2.528,7.267,1.163
RR ERI,000-BBF-587,0247-08,2,52,14.1849,-8,16,1.445,M5III,6.93,1.64,SAO 148721,3,1,56.119,-9,57,41.064,5.823,1.104,SAO 130254,3,2,42.2748,-7,41,7.698,5.315,0.536
RZ ARI,000-BBF-613,0250+17,2,55,48.4978,18,19,53.903,M6III,5.815,1.452,SAO 93118,2,48,32.0893,18,17,1.646,5.847,1.13,SAO 93195,2,56,26.1549,18,1,23.228,5.616,0.322
EH CET,000-BCY-907,0251+04,2,57,4.5753,4,30,3.708,M4III,6.125,1.675,HR 908,3,1,52.3033,5,20,10.145,6.243,1.041,HR 926,3,4,38.0668,1,51,48.974,6.051,0.634
GAM PER,000-BBF-678,0257+53,3,4,47.8,53,30,23,G9III+A2-III,2.929,0.701,HD 17878,2,54,15.5,52,45,45,3.95,0.742,HD 19373,3,9,4,49,36,48,4.047,-0.041
RHO PER,000-BBF-683,0258+38,3,5,10.5934,38,50,24.986,M4II,3.391,1.646,SAO 56224,3,11,17.3816,39,36,41.697,4.608,1.115,SAO 56036,2,58,2.328,38,36,53.732,6.036,0.531
BET PER,000-BBF-713,0301+40,3,8,10.1315,40,57,20.332,B8V,2.121,0.001,SAO 38787,3,24,19.3703,49,51,40.247,1.795,0.481,SAO 38609,3,9,29.7715,44,51,27.157,3.803,-0.48
CE CAM,000-BBG-009,,3,29,54.7,58,52,44,A0Ia,4.544,0.56,HD 23089,3,46,2.3,63,20,42,4.80,0.800,HD 27022,4,20,40.3,65,8,26,5.273,-0.240
NSV 1273,000-BCY-977,0339+24C,3,45,34.447,24,27,48.32,A9V...,8.592,0.351,HD 23246,3,44,25.7185,24,23,41,8.167,0.268,HD 23948,3,49,56.5951,24,20,56.385,7.54,0.083
PI ERI,000-BCY-988,0341-12,3,46,8.5356,-12,6,5.722,M1III,4.422,1.627,HR 1235,3,59,30.1317,-12,34,27.929,5.6,1.48,HR 1265,4,4,22.7159,-12,47,32.263,5.621,0.147
NSV 1316,000-BBG-249,0342+24,3,48,6.5406,24,59,18.3,K5,6.45,1.701,SAO 76225,3,48,56.9411,23,51,25.687,6.47,0.42,SAO 76105,3,43,46.0195,26,22,52.047,7.28,1.281
BE CAM,000-BCT-952,0340+65,3,49,31.2819,65,31,33.501,M2.5II,4.45,1.88,HR 1129,3,46,2.3314,63,20,42.17,4.799,0.788,HR 1205,3,57,8.2886,61,6,31.978,4.99,1.092
X PER,000-BBG-453,0349+30,3,55,23.0773,31,2,45.014,O9.5pe,6.191,0.274,HD 25867,4,7,0.5,29,0,5,5.230,0.340,HD 23408,3,45,49.6,24,22,4,3.870,-0.066
B PER,000-BBG-774,NONE,4,18,14.62,50,17,43.8,A2V,4.598,0.054,SAO 24412,4,6,35.044,50,21,4.55,4.285,-0.013,SAO 24512,4,16,43.087,53,36,42.47,5.19,0.067
NSV 1558,000-BCZ-042,0413+60,4,21,47.6507,60,44,8.251,M0III,5.404,1.495,HR 1313,4,17,8.0987,57,51,37.278,5.706,1.093,HR 1270,4,9,27.5713,59,54,29.055,6.305,0.402
V1142 TAU,000-BCX-312,0417+22,4,23,44.1775,22,57,53.277,M4,7.027,1.815,SAO 76593,4,24,14.5749,21,44,10.477,7.135,0.518,SAO 76565,4,21,35.0767,21,11,18.601,7.055,1.297
ALF TAU,000-BBH-168,0430+16,04,35,55.2,16,30,33,K5+III,0.867,1.538,HD 28305,04,28,37.0,19,10,50,3.530,1.010,HD 27697,04,22,56.0,17,32,33,3.77,0.528
OMI 1 ORI,000-BFB-407,0446+14,4,52,31.9621,14,15,2.311,M3,4.727,1.806,HR 1580,4,56,22.2744,13,30,52.077,4.066,1.158,HR 1585,4,57,22.3406,17,9,13.237,5.485,0.648
NSV 1777,000-BCZ-113,0453-66,4,53,30.4963,-66,40,31.489,M0.5III,6.402,1.624,HR 1540,4,44,57.9011,-63,13,46.974,6.462,1.078,HR 1475,4,33,33.9501,-62,49,25.239,5.788,0.546
EPS AUR,000-BCT-905,0454+43,5,1,58.1341,43,49,23.91,A8Ia-F2epIa,2.984,0.54,HR 1729,5,19,8.4745,40,5,56.586,4.705,0.624,HR 1641,5,6,30.8928,41,14,4.108,3.172,-0.084
ZET AUR,000-BJP-385,0455+40,5,2,28.6869,41,4,33.01,K4Ib-II+,3.755,1.224,HR 1729,5,19,8.4745,40,5,56.586,4.705,0.624,HR 1641,5,6,30.8928,41,14,4.108,3.172,0.6
V398 AUR,000-BBH-903,0458+51,5,6,40.6307,51,35,51.793,F0V,4.984,0.334,HR 1561,4,56,7.0743,52,52,11.14,5.745,0.098,HR 1568,4,57,17.1966,53,45,7.564,4.46,0.236
WZ DOR,000-BCV-839,0506-63,5,7,34.0275,-63,23,58.844,M3III,5.2,1.65,HR 1867,5,29,17.3222,-62,18,51.322,6.588,1.527,HR 1882,5,30,15.872,-63,55,39.668,6.185,0.123
BET ORI,000-BBJ-057,0509-08,5,14,32.3,-8,12,6,B8Iae,0.138,-0.029,HD 34503,5,17,36.4,-6,50,40,3.586,-0.116,HD 33111,5,7,51.0,-5,5,11,2.784,0.087
NSV 16300,000-BCY-054,0518-00,5,23,42.3,0,9,35,B2V,5.695,-0.21,HD 34658,5,19,11.2,2,35,45,5.34,0.416,HD 36134,5,29,23.7,-3,26,47,5.778,-0.626
CE TAU,000-BBJ-529,0526+18,05,32,12.8,18,35,39,M2Iab-Ib,4.352,2.071,HD 34559,05,19,16.6,22,05,47,4.923,0.936,HD 37147,05,37,03.7,17,02,25,5.538,1.135
WX MEN,000-BCZ-299,0537-73,5,34,44.7825,-73,44,28.596,M3III,5.783,1.712,HR 1953,5,31,53.0156,-76,20,27.47,5.178,1.13,HR 2062,5,47,48.1337,-72,42,8.1,6.522,0.582
EPS ORI,000-BBJ-700,0531-01,5,36,12.8,-1,12,7,B0.5Iabea,1.694,-0.184,HD 34503,5,17,36.4,-6,50,40,3.586,-0.116,HD 33111,5,7,51.0,-5,5,11,2.784,-0.068
V725 TAU,000-BBJ-814,0532+26,5,38,54.572,26,18,56.822,O9.7IIe,9.185,0.481,SAO 77331,5,37,39.8625,26,13,2.742,7.934,0.337,SAO 77675,5,53,19.6461,27,36,44.143,4.572,0.144
NO AUR,000-BBJ-925,0534+31A,05,40,42.1,31,55,14,M2Iab,6.168,2.093,HD 35620,05,27,38.9,34,28,33,5.079,1.403,HD 35186,05,24,39.1,37,23,07,5.010,0.69
KAP ORI,000-BBK-199,0543-09,5,47,45.4,-9,40,11,B0.5Iavar,2.062,-0.177,HD 34503,5,17,36.4,-6,50,40,3.586,-0.116,HD 33111,5,7,51.0,-5,5,11,2.784,-0.061
UPS AUR,000-BBK-282,0544+37,5,51,2.4374,37,18,20.063,M0III,4.736,1.617,HR 2012,5,51,29.399,39,8,54.529,3.96,1.132,HR 1995,5,49,10.4381,39,10,51.856,4.51,0.485
NIU AUR,000-BBK-288,,5,51,29.4,39,8,55,G9.5III,3.96,1.133,HD 38656,5,49,10.4,39,10,52,4.51,0.951,HD 41357,6,6,35.1,38,28,58,5.356,0.182
ALF ORI,000-BBK-383,0549+07,5,55,10.3053,7,24,25.426,M2Iab:,0.501,1.86,SAO 112958,5,36,54.3879,9,17,26.422,4.082,0.957,SAO 113186,5,50,13.0649,4,25,24.261,5.958,0.903
BET AUR,000-BBK-495,,5,59,31.7,44,56,51,A2IV+A2IV-V,1.9,0.03,HD 38104,5,45,54.0,49,49,35,5.47,0.029,HD 43905,6,21,46.1,53,27,8,5.36,0.001
PI AUR,000-BBK-506,0552+45,5,59,56.0994,45,56,12.248,M3II,4.299,1.699,HR 2096,6,0,18.8991,44,35,31.246,6.2,1.15,HR 2105,6,1,43.059,48,57,34.002,5.964,0.549
SW PIC,000-BCZ-364,0600-60,6,2,9.3358,-60,5,48.59,M4III,6.44,1.58,HR 2102,5,54,6.0549,-63,5,22.658,4.645,1.05,HR 2104,5,54,11.9371,-64,28,56.08,6.616,0.53
KHI 2 ORI,000-BBK-642,,6,3,55.2,20,8,18,B2Iavar,4.627,0.275,HD 43042,6,14,50.9,19,9,23,5.195,0.448,HD 42954,6,14,28.6,17,54,23,5.884,-0.173
1 GEM,000-BBK-649,0558+23,6,4,7.2,23,15,48,G5III+F6IV,4.158,0.827,HD 38751,5,49,1,24,34,3,4.877,1.019,HD 43039,6,15,22.7,29,29,53,4.338,-0.192
SS LEP,000-BBK-679,0600-16,6,4,59.1292,-16,29,3.965,Apsh,4.923,0.234,SAO 151178,6,9,34.5243,-14,35,4.627,5.552,1.155,SAO 151052,6,2,33.8123,-14,29,49.766,6.197,-0.921
PU GEM,000-BBK-755,0603+23,6,9,44.0,23,6,49,B2.5Ib,5.734,0.205,HD 43042,6,14,50.9,19,9,23,5.195,0.448,HD 42954,6,14,28.6,17,54,23,5.884,-0.243
ETA GEM,000-BBK-904,0608+22,6,14,52.7,22,30,25,M3IIIab,3.283,1.586,HD 43039,6,15,22.7,29,29,53,4.338,1.019,HD 38751,5,49,1,24,34,3,4.877,0.567
NSV 2877,000-BBK-937,,6,15,22.7,29,29,53,G8.5IIIb,4.338,1.019,HD 40111,5,58,0,25,57,14,4.823,-0.06,HD 42471,6,12,20.1,32,41,36,5.776,1.079
UW LYN,000-BCZ-389,0608+61,6,17,54.8202,61,30,55.031,M3III,4.95,1.83,HR 2201,6,15,40.5411,59,59,56.312,5.35,1.34,HR 2152,6,9,59.0145,58,56,8.499,5.358,0.49
NSV 2912,000-BBL-034,0614-14,6,18,48.7909,-15,1,29.833,M1III:,6.054,1.659,HR 2303,6,23,46.1431,-15,4,16.525,6.24,1.53,HR 2305,6,24,10.3201,-11,31,48.316,5.219,0.129
MIU GEM,000-BBL-132,0616+22,6,22,57.6,22,30,49,M3III,2.874,1.643,HD 43039,6,15,22.7,29,29,53,4.338,1.019,HD 38751,5,49,1,24,34,3,4.877,0.624
PSI 1 AUR,000-BBL-224,,06,24,53.9,49,17,16,K5-M0Iab-Ib,4.875,1.956,HD 45466,06,30,03.0,46,41,08,5.900,1.438,HD 48781,06,47,39.6,48,47,22,5.212,0.518
RR LYN, 000-BBL-318,0618+56,6,26,25.8,56,17,6,A7Vm+F3V,5.638,0.238, HD 43905,6,21,46.1,53,27,8,5.36,0.43,HD 46590,6,37,38.4,56,51,27,5.89,-0.192
IS GEM,000-BBL-953,0643+32,6,49,41.311,32,36,24.321,K4III,5.717,1.297,SAO 59574,6,53,3.5392,35,47,16.782,6.008,1.455,SAO 59631,6,57,0.5195,33,40,51.739,5.909,-0.158
OMI 1 CMA,000-BDH-991,,06,54,08.0,-24,11,03,K2Iab,3.89,1.74,HD 57146,07,18,51.3,-26,35,09,5.294,0.969,HD 51733,06,57,33.9,-24,37,51,5.448,0.771
V614 MON,000-BBM-252,0656-03,7,1,1.9531,-3,15,9.14,C...,7.265,1.769,SAO 134133,7,4,5.2481,-5,19,26.324,5.611,1.292,SAO 134031,7,0,18.0363,-5,22,1.783,6.294,0.477
SIG CMA,000-BBM-279,0657-27,7,1,43.1,-27,56,5,K7Ib,3.47,1.73,HD 57146,7,18,51.3,-26,35,9,5.294,0.969,HD 51733,6,57,33.9,-24,37,51,5.488,0.761
BQ GEM,000-BCV-939,0707+16,7,13,22.2759,16,9,32.278,M4III,5.05,1.655,HR 2632,7,2,17.4933,15,20,9.629,5.75,1.16,HR 2684,7,8,22.0393,15,55,50.429,5.457,0.495
UY LYN,000-BBM-730,0705+51,7,13,23.4011,51,25,43.483,M3III,5.485,1.642,HR 2737,7,17,33.7197,52,7,51.857,5.922,1.256,HR 2804,7,24,57.0877,51,53,14.131,5.799,0.386
EW CMA,000-BBM-740,0710-26B,7,14,15.2121,-26,21,9.024,B3IIIe,4.638,-0.175,SAO 173411,7,17,48.0124,-26,47,51.201,6.433,-0.144,SAO 173244,7,13,36.4493,-27,21,22.896,6.114,-0.031
NSV 3469,000-BCZ-534,0708+25,7,14,41.9799,24,53,5.944,M1III,5.808,1.556,HR 2808,7,23,28.5113,25,3,1.913,5.035,0.899,HR 2706,7,12,26.3778,24,7,42.937,5.851,0.657
OME CMA,000-BBM-767,0710-26A,7,14,48.6541,-26,46,21.603,B2IV-Ve,3.831,-0.153,SAO 173047,7,8,23.4843,-26,23,35.519,1.83,0.678,SAO 172676,6,58,37.5485,-28,58,19.501,1.502,-0.831
NSV 3486,000-BCX-765,0710+08,7,15,39.4301,7,58,39.873,M4III,5.814,1.593,HR 2682,7,7,49.4889,7,28,16.37,5.743,1.177,HR 2713,7,12,7.4923,5,28,27.648,6.153,0.416
NSV 3485,000-BCZ-537,0709+28,7,15,57.1661,27,53,50.708,M1III,5.715,1.61,HR 2808,7,23,28.5113,25,3,1.913,5.035,0.899,HR 2643,7,3,30.4587,29,20,13.491,5.928,0.711
RU CAM,000-BBM-942,0710+69,7,21,44.1161,69,40,14.706,Ce+...,8.4,1.255,SAO 6167,7,23,2.7161,70,0,0.355,9.06,1.092,SAO 14183,7,25,46.8201,69,27,17.565,8.889,0.163
NSV 3550,000-BCX-771,0716+20,7,21,56.8607,20,26,37.17,M0III,5.094,1.526,HR 2846,7,27,44.3634,21,26,42.891,5.25,0.42,HR2692,7,10,6.6788,21,14,49.147,6.427,1.106
U MON,000-BBN-215,0726-09,7,30,47.4681,-9,46,36.803,K0Ibpv,5.66,0.93,SAO 152986,7,30,58.7103,-10,6,27.091,6.574,1.622,SAO 152941,7,29,22.1067,-10,19,35.989,5.746,-0.692
VZ CAM,000-BBN-226,0710+82,7,31,4.4639,82,24,41.277,M4IIIa,4.9,1.64,SAO 1194,7,34,39.8053,80,53,48.11,6.51,0.98,SAO 1254,7,56,17.2303,80,15,55.953,6.553,0.66
KQ PUP,000-BCW-902,0729-14,07,33,48.0,-14,31,26,M2epIab+B2V,4.97,1.41, HD 57478, 07,20,58.3,-14,21,38,5.450,0.980,HD 63336,07,47,56.7,-12,11,34,5.480,0.430
UPS GEM,000-BBN-350,0729+27,7,35,55.3464,26,53,44.667,M0III,4.058,1.539,HR 2985,7,44,26.8542,24,23,52.773,3.568,0.932,HR 2808,7,23,28.5113,25,3,1.913,5.035,0.607
SIG GEM,000-BCV-976,0737+29,7,43,18.7,28,53,1,K1IIIe,4.256,1.118,HD 58207,7,25,43.6,27,47,53,3.790,1.030,HD 60522,7,35,55.4,26,53,45,4.060,0.088
NZ GEM,000-BBN-569,0736+14,7,42,3.2185,14,12,30.612,M3II-III,5.554,1.647,HR 2953,7,40,47.1845,13,46,16.502,6.21,1.4,HR 3030,7,49,1.837,13,22,18.728,6.037,0.247
BET GEM,000-BBN-674,0739+28,7,45,18.9503,28,1,34.315,K0IIIb,1.143,0.997,SAO 60198,7,34,35.8628,31,53,17.795,1.884,-0.268,SAO 115756,7,39,18.1183,5,13,29.975,0.367,1.265
DU LYN,000-BCZ-621,0740+37,7,46,39.2815,37,31,2.619,M3III,6.419,1.749,HR 2924,7,38,32.8625,35,2,54.781,5.556,0.932,HR 2930,7,39,9.9309,34,35,3.646,4.9,0.817
NSV 3741,000-BCZ-630,0743-15B,7,47,45.2079,-16,0,52.139,K5II/III,6.419,1.749,HR 3044,7,49,41.2013,-17,13,42.268,5.18,1.275,HR 3051,7,50,5.6693,-19,31,24.773,6.12,0.474
BC CMI,000-BCV-064,0746+03,7,52,7.1897,3,16,38.43,M4III,6.31,1.586,HR 3093,7,56,23.9073,4,29,8.04,6.16,0.979,HR 3050,7,50,47.3951,3,16,38.111,6.175,0.607
MZ PUP,000-BCW-903,0800-32,8,4,16.2,-32,40,29,M1Iab-Ib,5.383,1.906,HD 64572,7,53,3.5,-36,21,5,5.422,1.164,HD 69123,8,14,13.3,-35,29,24,5.778,0.742
BL CNC,000-BCT-992,0800+22,8,6,18.3948,22,38,7.763,M3III,5.98,1.652,HR 3176,8,7,45.8557,21,34,54.537,5.296,0.638,HR 3127,8,1,0.781,23,34,59.135,6.31,1.014
NSV 17814,000-BCZ-673,0810+62,8,19,17.1578,62,30,25.774,G8III,5.714,0.889,HR 3648,9,14,20.5406,61,25,23.943,5.169,0.578,HR 3403,8,40,12.8186,64,19,40.57,4.6,0.311
BP CNC,000-BCT-994,0821+13,8,26,43.9395,12,39,16.604,M3III,5.517,1.609,HR 3376,8,33,45.0453,13,15,26.321,6.28,1.17,HR 3231,8,14,20.9947,13,2,53.864,6.356,0.439
NSV 4093,000-BCZ-692,0822+61,8,30,15.87,60,43,5.409,G5III,3.365,0.844,HR 3648,9,14,20.5406,61,25,23.943,5.169,0.578,HR 3403,8,40,12.8186,64,19,40.57,4.6,0.266
AK HYA,000-BBP-841,0835-16,8,39,53.5419,-17,18,10.721,M6III,6.673,1.545,SAO 154628,8,46,45.5493,-18,45,28.211,6.589,1.036,SAO 154373,8,32,33.3603,-15,1,48.516,6.375,0.509
PI 2 UMA,000-BCZ-712,0831+64,8,40,12.8186,64,19,40.57,K1III,4.6,1.178,HR 3648,9,14,20.5406,61,25,23.943,5.169,0.578,HR 3403,8,40,12.8186,64,19,40.57,4.6,0.6
BO CNC,000-BCT-993,0846+28,8,52,28.5887,28,15,32.972,M3III,6.229,1.608,HR 3522,8,52,35.8112,28,19,50.947,5.942,0.86,HR 3540,8,55,39.6789,27,55,38.934,5.237,0.748
X CNC,000-BBQ-052,0849+17,8,55,22.8809,17,13,52.593,CII...,6.647,3.365,SAO 98245,8,57,8.2794,17,8,37.503,6.171,1.001,SAO 98087,8,44,41.0996,18,9,15.511,3.937,2.364
FZ CNC,000-BBQ-151,0853+18,8,59,10.7295,18,8,5.52,M4IIIv,6.378,1.548,HR 3558,8,57,8.2794,17,8,37.503,6.171,1.001,HR3510,8,51,1.4611,15,21,2.343,6.378,0.547
RHO UMA,000-BCZ-751,0853+68,9,2,32.6921,67,37,46.628,M3III,4.753,1.54,HR 3609,9,8,23.499,66,52,23.645,5.139,1.51,HR3531,8,56,37.442,64,36,13.793,5.589,0.03
LAM VEL,000-BFP-455,,9,8,0,-43,25,57,K4Ib-IIa,2.204,1.665,HD 80170,9,16,57.1,-39,24,6,5.319,1.168,HD 83548,9,38,1.5,-43,11,27,5.496,0.497
RS CNC,000-BBQ-327,0904+31,9,10,38.799,30,57,47.3,M6IIIase,5.9,1.625,SAO 61276,9,8,4.156,32,32,25.436,6.485,0.36,SAO 61288,9,8,51.0705,33,52,55.981,5.964,1.265
NSV 4429,000-BCX-791,0911-55,9,14,17.9907,-55,34,10.666,G8II-III,5.267,0.987,HR 3791,9,33,30.3629,36,29,13.018,6.178,1.264,HR 3800,9,34,13.3819,36,23,51.208,4.554,-0.277
IN HYA,000-BBQ-445,0915+00,9,20,36.6831,0,10,54.136,M3,6.5,1.7,SAO 136844,9,26,22.3089,-1,27,50.682,6.005,1.32,SAO 136840,9,26,3.8099,-1,14,5.784,6.576,0.38
NSV 4506,000-BCZ-790,0923+63,9,31,31.7081,63,3,42.699,F0IV,3.662,0.329,HR 3648,9,14,20.5406,61,25,23.943,5.169,0.578,HR 3403,8,40,12.8186,64,19,40.57,4.6,-0.249
NSV 4510,000-BBQ-492,0925+35,9,31,32.4103,35,6,11.782,M1III,5.386,1.52,HR 3764,9,30,43.2187,33,39,20.558,5.849,1.046,HR 3815,9,35,39.5023,35,48,36.481,5.409,0.474
LAM LEO,000-BCZ-793,0926+23,9,31,43.2281,22,58,4.694,K5III,4.314,1.539,HR 3731,9,24,39.2591,26,10,56.367,4.463,1.223,HR 3627,9,9,21.5337,22,2,43.604,5.149,0.316
NSV 18227,000-BBQ-499,,9,31,58.9,-1,11,5,A3V,4.563,0.103,HD 79469,9,14,21.9,2,18,52,3.885,-0.063,HD 79910,9,16,41.7,-6,21,11,5.234,0.166
NSV 4545,000-BBQ-574,0930+31,9,36,42.8521,31,9,42.244,M2III,5.573,1.572,HR 3850,9,41,35.116,31,16,40.142,5.896,1.579,HR 3764,9,30,43.2187,33,39,20.558,5.849,-0.007
PSI LEO,000-BBQ-673,0938+14,9,43,43.9046,14,1,18.091,M2III,5.358,1.604,HR 3877,9,46,23.3279,11,48,36.155,5.633,1.489,HR 3896,9,51,1.9846,13,3,58.46,6.472,0.115
SY UMA,000-BCX-402,0949+50,9,55,43,49,49,11,A3III,5.28,0.07,HD 82328,9,32,51.4,51,40,38,3.175,0.462,HD 82621,9,34,49.4,52,3,5,4.501,-0.392
PI LEO,000-BBR-082,0954+08,10,0,12.8066,8,2,39.203,M2III,4.692,1.6,HR 3980,10,7,54.2708,9,59,51.028,4.374,1.442,HR 3926,9,56,25.9763,8,55,59.366,5.845,0.158
ETA LEO,000-BBR-183,,10,7,20,16,45,46,A0Ib,3.49,-0.026,HD 87901,10,8,22.3,11,58,2,1.357,-0.112,HD 86360,9,58,13.4,12,26,41,5.26,0.086
U UMA,000-BCX-399,1008+60,10,15,7.6671,59,59,7.942,M0IIIv,6.225,1.61,HR 4052,10,20,31.1493,54,13,0.62,6.005,1.128,HR 4051,10,20,14.7925,53,46,45.807,6.45,0.482
NSV 4829,000-BBR-433,1016+42,10,22,19.7406,41,29,58.259,M0III,3.05,1.582,HR 4067,10,22,10.5621,41,13,46.308,5.78,0.53,HR 4132,10,33,13.8883,40,25,32.016,4.747,1.052
RHO LEO,000-BCW-222,1027+09,10,32,48.7,9,18,24,B1IbSB,3.847,-0.142,HD 87901,10,8,22.3,11,58,2,1.357,-0.112,HD 86360,9,58,13.4,12,26,41,5.26,-0.030
NSV 4936,000-BBR-584,1035+66,10,41,56.5517,65,42,58.607,K2III,5.12,1.205,HR 4176,10,41,48.2585,68,26,36.599,5.749,1.304,HR 4181,10,43,4.0399,69,4,34.37,5,-0.099
RX LMI,000-BCW-226,1036+32,10,42,11.2674,31,41,49.191,M2III,5.997,1.617,HR 4258,10,55,44.3844,33,30,24.943,5.024,1.1,HR 4256,10,54,58.1795,34,2,5.272,5.72,0.517
V519 CAR,000-BBR-590,,10,42,40.6,-59,12,57,B2.5Ia,5.38,0.256,HD 90853,10,27,52.7,-58,44,22,3.816,0.312,HD 97534,11,12,36.0,-60,19,3,4.602,-0.056
ETA CAR,000-BBR-655,1041-59,10,45,3.591,-59,41,4.26,LBv...,6.207,0.613,SAO 238242,10,36,20.5183,-59,33,51.813,5.075,1.175,SAO 238483,10,47,44.3171,-59,52,30.926,6.47,-0.562
VY UMA,000-BBR-656,1038+67,10,45,4.0293,67,24,40.983,CII...,5.986,2.412,SAO 15260,10,41,48.2585,68,26,36.599,5.749,1.304,SAO 15269,10,43,4.0399,69,4,34.37,5,1.108
V524 CAR,000-BBR-795,,10,52,30.8,-57,14,25,B9Ia,5.253,0.157,HD 90853,10,27,52.7,-58,44,22,3.816,0.312,HD 97534,11,12,36.0,-60,19,3,4.602,-0.155
VY LEO,000-BCW-203,1050+06,10,56,1.4699,6,11,7.335,M5.5III,5.806,1.451,HR 4207,10,46,5.6807,6,22,23.459,6.365,1.12,HR 4201,10,45,9.4565,2,29,16.693,6.271,0.331
VW UMA,000-BBR-892,1052+70,10,59,1.7995,69,59,20.571,M...,6.91,1.7,SAO 7272,11,3,27.385,70,1,50.665,6.433,1.313,SAO 15431,11,12,10.9393,68,16,18.731,6.43,0.387
NSV 5059,000-BBR-903,1056-01,11,1,49.6745,-2,29,4.505,M0III,4.738,1.614,HR 4233,10,49,43.4887,-9,51,9.702,5.851,1.073,HR 4240,10,51,5.4085,-3,5,33.602,5.945,0.541
NSV 5079,000-BBR-972,,11,5,1.0,7,20,10,F2III/IV,4.628,0.331,HD 95382,11,0,44.8,6,6,5,4.991,0.169,HD 98664,11,21,8.2,6,1,46,4.043,0.162
V371 CAR,000-BBR-998,,11,8,34.0,-61,56,50,B9.5eIa,5.144,0.225,HD 99453,11,25,43.1,-63,58,21,5.171,0.498,HD 96566,11,6,32.4,-62,25,27,4.609,-0.273
CO UMA,000-BCX-415,1103+36,11,9,19.0801,36,18,33.764,M3III,5.785,1.498,SAO 62421,11,8,35.7551,36,0,38.992,7.325,0.945,SAO 62418,11,8,14.6284,36,27,16.726,8.25,0.553
NSV 5107,000-BBS-004,1104+43,11,9,38.5007,43,12,27.85,M2III,5.894,1.566,HR 4264,10,56,14.5185,42,0,29.358,6.035,1.127,HR 4280,11,0,14.7043,45,31,34.595,5.47,0.439
V533 CAR,000-BBS-066,,11,12,36.0,-60,19,4,B9.5eIa,4.602,0.541,HD 99453,11,25,43.1,-63,58,21,5.171,0.498,HD 96566,11,6,32.4,-62,25,27,4.609,0.043
V535 CAR,000-BCZ-956,1113-67,11,17,19.0436,-67,49,24.655,M2III,6.055,1.76,HR 4448,11,32,19.9963,-66,57,42.565,5.89,1.135,HR 4384,11,19,16.4341,-64,34,56.967,5.985,0.625
OMI 2 CEN,000-BBS-223,,11,31,48.8,-59,30,56,A2eaIa,5.151,0.477,HD 99453,11,25,43.1,-63,58,21,5.171,0.498,HD 96566,11,6,32.4,-62,25,27,4.609,-0.021
OME VIR,000-BFP-668,1133+08,11,38,27.6077,8,8,3.475,M4III,5.358,1.577,HR 4559,11,55,3.1335,8,26,38.195,5.575,0.94,HR 4515,11,45,17.0399,8,15,29.23,4.839,0.637
VX CRT,000-BCZ-980,1134-16,11,39,50.3343,-16,37,12.826,M3II/III,6.18,1.625,HR 4451,11,33,14.8231,-16,16,49.371,6.047,0.592,HR 4539,11,50,19.6038,-15,51,49.2,6.13,1.033
TV UMA,000-BBS-388,1140+36,11,45,35.0397,35,53,39.65,M5III,7.012,1.543,SAO 62680,11,44,20.2203,38,31,39.497,7.859,1.476,SAO 62729,11,51,7.1236,36,50,6.7,7.55,0.067
NU VIR,000-BDB-328,1140+07,11,45,51.559,6,31,45.755,M1III,4.033,1.513,HR 4559,11,55,3.1335,8,26,38.195,5.575,0.94,HR 4515,11,45,17.0399,8,15,29.23,4.839,0.573
NSV 5392,000-BBS-540,,11,56,1.0,-17,9,3,A1III,5.17,-0.022,HD 107348,12,20,33.6,-22,12,57,5.214,-0.102,HD 105707,12,10,7.5,-22,37,11,3.0,0.08
GK COM,000-BBS-578,1154+19,12,0,4.698,19,25,9.744,M3,6.984,1.547,SAO 99904,12,0,38.0172,18,20,4.941,7.877,1.03,SAO 99816,11,49,38.7067,18,56,7.152,7.84,0.517
FW VIR,000-BCX-526,1233+02,12,38,22.4057,1,51,16.784,M3IIIb,5.667,1.592,HR 4878,12,51,36.8893,3,3,24.436,6.015,1.29,HR 4805,12,38,4.4163,3,16,56.799,6.331,0.302
NSV 5947,000-BBT-262,1242+04B,12,47,51.4121,3,34,21.778,M4III,6.403,1.599,HR 4878,12,51,36.8893,3,3,24.436,6.015,1.29,HR 4805,12,38,4.4163,3,16,56.799,6.331,0.309
PSI VIR,000-BCX-539,1249-09,12,54,21.1633,-9,32,20.38,M3III,4.789,1.595,HR 4957,13,8,32.4666,-8,59,3.786,5.545,1.18,HR 4959,13,9,14.2388,-9,32,17.153,6.315,0.415
TU CVN,000-BBT-346,1250+47,12,54,56.5213,47,11,48.199,M5III,5.839,1.58,HR 4919,12,57,7.7952,46,10,36.441,6.116,1.012,HR 4945,13,5,52.2673,45,16,6.779,5.63,0.568
NSV 6046,000-BDB-149,1254+17,12,58,55.4423,17,24,34.004,M1IIIb,4.767,1.568,HR 4929,13,1,9.6147,17,7,23.328,5.945,0.966,HR 4962,13,9,47.8475,16,50,55.001,5.894,0.602
FS COM,000-BBT-465,1301+23,13,6,22.603,22,36,58.273,M5III:,5.606,1.587,SAO 82650,13,6,21.2399,21,9,12.229,6.018,0.376,SAO 82708,13,12,8.4093,24,15,28.899,6.313,1.211
ALF COM,000-BLK-312,1305+18,13,9,59.28,17,31,46,F5V+F5V,4.318,0.454,SAO 82650,13,6,21.24,21,9,12.23,5.99,0.39,SAO 82692,13,10,52.353,21,14,1.48,6.82,0.064
SW VIR,000-BBT-518,1308-02,13,14,4.385,-2,48,25.149,M7III,7.02,1.55,SAO 139218,13,12,43.786,-2,15,54.143,7.56,0.922,SAO 139264,13,17,29.8532,0,40,33.833,6.365,0.628
FH VIR,000-BBT-532,1311+07,13,16,23.9299,6,30,16.623,M6III,7.15,1.6,SAO 119882,13,19,56.9785,8,29,13.673,7.08,1.13,SAO 119789,13,8,51.0232,5,12,26.068,6.798,0.47
CL CVN,000-BDB-191,1319+37,13,23,53.9297,37,2,2.114,M4III,6.128,1.651,HR 5022,13,18,27.728,34,5,53.893,5.8,1.356,HR 5025,13,19,4.2514,35,7,40.721,6.02,0.295
FP VIR,000-BBT-783,1330+08,13,35,52.0579,8,17,34.014,M3,7.1,1.62,SAO 120075,13,42,12.7603,8,23,18.219,6.159,0.41,SAO 119962,13,30,0.0809,7,10,43.872,6.165,1.21
NSV 6434,000-BKS-942,,13,46,39.4,-51,25,58,G8/K0III,4.642,0.955,HD 117150,13,29,25.3,-51,9,54,5.052,0.062,HD 125288,14,20,19.5,-56,23,11,4.336,0.893
EV VIR,000-BBV-252,1407-13,14,13,9.7753,-13,51,35.764,M3III,6.886,1.574,SAO 158439,14,13,42.9866,-11,50,18.191,6.983,1.016,SAO 158416,14,11,46.1709,-12,36,42.358,7.928,0.558
FS VIR,000-BCX-524,1409+03,14,14,53.0187,3,20,9.16,M4III,6.442,1.605,HR 5283,14,4,37.4271,2,17,51.113,6.275,1.02,HR 5307,14,11,31.2032,1,21,44.635,6.429,0.585
CY BOO,000-BDB-292,1412+15,14,17,28.4519,15,15,48.167,M3III,5.814,1.678,HR 5254,13,58,39.9073,14,38,57.389,6.008,1.425,HR 5243,13,55,49.9935,14,3,23.411,6.17,0.253
CI BOO,000-BCT-918,1417+29,14,22,14.0013,29,22,11.712,MIII,6.6,1.6,HD 126307,14,24,1.981,27,24,47.438,6.38,1.61,HD 125408,14,18,33.7662,28,26,21.766,7.645,-0.01
NSV 6687,000-BBV-426,1427+76,14,27,31.5,75,41,46,K4III,4.275,1.434,HD 136726,15,17,5.9,71,49,26,5.013,1.369,HD 142105,15,44,48,77,56,57,4.314,0.065
W BOO,000-BBV-632,1439+26,14,43,25.3632,26,31,40.261,M3III,4.808,1.662,SAO 83427,14,36,6.873,23,15,1.29,6.374,1.054,SAO 83535,14,48,23.3445,24,22,0.754,6.155,0.608
RR UMI,000-BCX-442,1456+66,14,57,35.0072,65,55,56.857,M4.5III,4.594,1.591,HR 5691,15,14,38.3389,67,20,48.201,5.137,0.533,HR 5714,15,17,5.8886,71,49,26.044,5.015,1.058
TAU 4 SER,000-BBW-373,1531+15,15,36,28.1873,15,6,5.128,M5II-III,6.523,1.456,SAO 101678,15,40,59.1008,16,1,28.517,6.008,0.902,SAO 101631,15,35,33.2302,17,39,19.999,6.121,0.554
NSV 7012,000-BCX-859,1511-29,15,17,49.8,-30,8,55,K1II/III,4.336,1.1,HD 139521,15,39,46.0,-34,24,43,4.664,0.989,HD 135153,15,14,37.3,-31,31,9,4.904,0.111
ST HER,000-BBW-616,1547+48,15,50,46.6248,48,28,58.856,M6s,7.715,1.409,SAO 45726,15,46,53.8133,46,59,10.542,7.21,0.77,SAO 45723,15,46,51.696,46,17,48.445,7.839,0.639
T CRB,000-BBW-825,1555+26,15,59,30.2,25,55,13,M3III,3.0,0,HD 143894,16,2,17.7,22,48,16,4.830,0.07,HD 143107,15,57,35.3,26,52,40,4.15,-0.07 
NSV 20485,000-BBW-923,,16,3,24.2,-38,36,9,B8IV,4.890,-0.141,HD 149886,16,39,5.2,-37,13,2,5.926,-0.027,HD 143118,16,6,35.5,-36,48,8,3.408,-0.114
NSV 7454,000-BBX-031,1601-20,16,7,24.3,-20,52,8,G4II/III,4.316,0.838,HD 142198,15,53,49.5,-16,43,45,4.139,1.016,HD 147700,16,24,6.2,-20,2,14,4.488,-0.178
V368 NOR,000-BDB-508,1608-53B,16,16,43.2783,-53,48,39.993,M2III,5.46,1.717,HR 6073,16,20,25.2506,-55,8,22.942,5.77,0.97,HR 6024,16,13,28.7289,-54,37,49.683,4.947,0.747
AT DRA,000-BBX-257,1615+60,16,17,15.3465,59,45,18.084,M4III,5.442,1.598,SAO 17073,16,23,47.1535,61,41,47.261,5.674,0.956,SAO 29975,16,31,20.0777,57,50,20.547,7.72,0.642
NSV 7676,000-BDB-528,1618+34B,16,22,21.4253,33,47,56.586,M2III,5.2,1.6,HR 6108,16,22,29.2187,33,42,12.522,5.4,1.525,HR 6043,16,11,39.5995,33,20,33.951,6.292,0.075
V2105 OPH,000-BBX-525,1622-07,16,27,43.46,-7,35,51.2,M3III,5.27,1.72,SAO 141187,16,27,48.18,-8,22,18.2,4.632,0.174,SAO 141066,16,15,37.33,-8,22,11.9,5.505,1.546
ALF SCO,000-BBX-552,1623-26,16,29,24.4609,-26,25,55.209,M1.5Iab-b,0.983,1.826,HR 6104,16,24,6.2,-20,2,15,4.5,1.01,HD 144608,16,7,24.3,-20,52,7,4.316,0.816
V1058 SCO,000-BFL-258,,16,31,41.8,-41,49,2,B1Ia,5.323,0.347,HD 143699,16,3,24.2,-38,36,9,4.890,-0.141,HD 149886,16,39,5.2,-37,13,2,5.926,0.488
NSV 7896,000-BBX-845,1636+49,16,38,44.8453,48,55,42.033,M2.5III,4.9,1.559,HR 6090,16,19,11.2135,49,2,17.373,5.91,1.369,HR 6183,16,36,11.2024,46,36,47.999,5.83,0.19
AZ DRA,000-BBX-864,1642+72,16,40,42.5217,72,40,17.972,M2,7.006,1.58,SAO 8544,16,31,28.2282,72,36,44.418,6.298,1.316,SAO 17200,16,42,38.5773,68,6,7.809,7.559,0.264
V973 SCO,000-BBY-044,1644-41,16,51,33.7,-41,13,50,O8Iaf,5.226,0.068,HD 155203,17,12,9.2,-43,14,21,3.328,0.405,HD 157661,17,26,52.0,-45,50,35,5.278,-0.337
NSV 8034,000-BBY-127,,16,54,0.5,10,9,55,B8,4.373,-0.089,HD 154494,17,5,22.7,12,44,27,4.9,0.125,HD 151525,16,47,46.4,5,14,48,5.233,-0.214
KAP OPH,000-BBY-235,1652+09,16,57,40.1,9,22,30,K2III,3.197,1.161,HD 154494,17,5,22.7,12,44,27,4.9,0.125,HD 151525,16,47,46.4,5,14,48,5.233,1.036
V884 SCO,000-BCX-158,,17,3,56.8,-37,50,39,O5.5-O6.5Iaf,6.547,0.264,SAO 208340,17,3,0.34,-37,43,10.75,7.43,0.02,SAO 208406,17,6,20.19,-37,13,39.3,5.98,0.244
VW DRA,000-BBY-765,1715+60,17,16,29.3994,60,40,14.212,K1.5IIIb,6.319,1.094,SAO 17360,17,8,7.5341,61,9,34.63,6.72,0.5,SAO 17312,17,1,16.924,60,38,55.515,6.128,0.594
NSV 8556,000-BBY-830,1717+46,17,20,21.1218,46,14,26.808,M0III,5.58,1.57,HR 6467,17,20,33.7765,48,11,19.647,6.411,0.407,HR 6509,17,26,44.2425,48,15,36.233,5.846,1.163
V642 HER,000-BCW-033,1729+14,17,33,42.7798,14,50,29.754,M4III,6.45,1.6,HR 6542,17,33,39.3885,16,19,3.192,5.69,1.01,HR 6577,17,38,57.8553,13,19,45.342,6.116,0.59
V449 SCO,000-BBZ-194,1730-32,17,36,58.6351,-32,7,42.989,A2V,7.027,0.121,SAO 208945,17,33,6.0167,-33,3,28.035,7.26,0.17,SAO 208881,17,30,5.6388,-33,42,58.918,6.668,-0.049
BM SCO,000-BBZ-237,1734-32,17,40,58.6,-32,12,52,K2.5Ib,5.36,1.6,HD 162391,17,52,19.8,-34,25,1,5.84,1.13,HD 162587,17,53,23.5,-34,53,43,5.6,0.47
NSV 9800,000-BBZ-551,1747+01,17,52,35.4441,1,18,18.049,K5III,5.954,1.571,SAO 141913,17,51,59.446,-1,14,12.5,6.34,1.12,SAO 122787,17,49,19.0434,1,57,41.089,6.463,0.451
V533 OPH,000-BBZ-578,1747-02,17,53,3.3177,-2,34,45.653,M...,7.451,1.565,SAO 141913,17,51,59.446,-1,14,12.5,6.34,1.12,SAO 141979,17,56,47.745,-4,4,54.564,5.46,0.445
V2388 OPH,000-BDB-718,1749+11,17,54,14.1671,11,7,50.009,F5Vn,6.385,0.455,HD 166095,18,8,33.7358,14,17,4.978,6.359,0.179,HD 164615,18,1,33.2027,11,17,8.726,7.014,0.276
V441 HER,000-BBZ-706,1751+26,17,55,25.1889,26,2,59.966,F2Ibe,5.452,0.339,SAO 85437,17,48,49.1467,25,37,22.327,5.108,1.152,SAO 85575,17,57,14.3257,23,59,45.201,6.301,-0.813
V2048 OPH,000-BBZ-938,1755+04,18,0,15.7986,4,22,7.015,B2Ve,4.658,-0.034,SAO 123017,18,0,52.8589,6,16,5.86,6.342,-0.084,SAO 122949,17,56,55.9761,6,29,15.828,6.285,0.05
V2118 OPH,000-BDB-746,1756+11,18,1,33.2027,11,17,8.726,F2IV-V,7.014,0.367,HD 166095,18,8,33.7358,14,17,4.978,6.359,0.179,HD 166976,18,12,35.6903,12,23,36.914,7.551,0.188
GAM SGR,000-BCB-233,,18,5,48.7,-30,25,18,K0,2.985,1.001,HD 168454,18,20,59.6,-29,49,41,2.7,1.376,HD 165634,18,8,5.0,-28,27,26,4.562,-0.375
V669 HER,000-BCB-583,1808+31B,18,11,54.157,31,24,19.259,M3III,4.995,1.644,HR 6768,18,5,49.6111,32,13,50.425,5.71,1.16,HR 6775,18,7,1.5392,30,33,43.702,5.047,0.484
KAP LYR,000-BDB-799,1811+36B,18,19,51.7095,36,3,52.371,K2III,4.332,1.164,HR 6901,18,23,57.2803,38,44,21.156,6.37,1.44,HR 6807,18,9,58.9958,36,27,58.622,5.574,-0.276
V4028 SGR,000-BCC-114,1815-25,18,21,31.367,-24,54,54.995,M3III,6.244,1.889,HR 6846,18,18,41.7597,-25,36,17.245,6.52,1.345,HR 6801,18,11,43.333,-23,42,4.447,4.978,0.544
NSV 24420,000-BDB-841,1819+49,18,21,32.6632,49,7,17.737,M2III,5.015,1.628,HR 6886,18,21,7.1475,49,43,31.676,6.398,1.068,HR 6880,18,19,56.0616,51,20,52.162,6.29,0.56
V2291 OPH,000-BCC-304,1820+07,18,25,38.7989,8,1,55.223,G8III-IV+...,5.643,0.914,SAO 123353,18,19,9.5366,7,15,35.16,5.396,1.077,SAO 123399,18,22,18.0274,7,32,56.147,7.199,-0.163
D SER,000-BCC-357,1822+00,18,27,12.5084,0,11,45.99,G0III+...,5.215,0.49,SAO 142348,18,29,40.9798,-1,59,7.108,5.403,0.962,SAO 142372,18,31,56.9944,-1,0,10.719,5.936,-0.472
AC HER,000-BCC-490,1826+21,18,30,16.2381,21,52,0.621,F4Ibpv,7.235,0.735,SAO 86145,18,30,58.9819,21,39,16.694,7.405,1.069,SAO 86106,18,29,17.0319,21,48,52.912,8.858,-0.334
XY LYR,000-BCC-857,1834+39,18,38,6.4769,39,40,5.975,M4Iab:,6.052,1.635,HR 7017,18,39,33.0369,40,56,6.214,6.25,-0.06,HR 7019,18,40,12.1999,38,22,1.902,6.45,1.695
DEL SCT,000-BCD-005,1836-09,18,42,16.4268,-9,3,9.175,F2IIIp,4.719,0.358,SAO 142692,18,50,58.5088,-9,46,26.744,5.827,0.605,SAO 142557,18,43,51.2342,-6,49,5.227,6.306,-0.247
V3879 SGR,000-BCX-086,1837-19,18,42,55.0993,-19,17,3.154,M4III,6.32,1.731,HR 7046,18,46,20.6087,-22,23,31.834,5.382,1.615,HR 7038,18,45,18.6581,-21,0,5.815,6.356,0.116
NSV 11271,000-BDB-913,1840+39,18,43,16.5705,39,18,0.239,K5,6.446,1.59,SAO 47909,18,54,52.1771,41,36,9.801,5.443,1.042,SAO 47922,18,55,35.7177,42,3,37.01,6.5,0.548
V4405 SGR,000-BCX-110,1840-19,18,46,1.1469,-19,36,22.884,M2/M3III,6.42,1.65,HR 7046,18,46,20.6087,-22,23,31.834,5.382,1.615,HR 7038,18,45,18.6581,-21,0,5.815,6.356,0.035
CX DRA,000-BCD-274,1844+52,18,46,43.088,52,59,16.657,B2.5Ve,5.905,-0.079,SAO 31133,18,43,29.0135,53,52,18.361,6.205,0.075,SAO 31032,18,32,11.3789,52,6,55.932,6.566,-0.154
R SCT,000-BCD-304,1842-05,18,47,28.9503,-5,42,18.529,K0Ibpv,5.162,1.447,HR 7083,18,49,40.9553,-5,54,46.305,5.959,1.626,SAO 142598,18,46,2.0861,-6,15,7.292,7.864,-0.179
R LYR,000-BCD-657,1852+43,18,55,20.1013,43,56,45.919,M5III,4.042,1.588,SAO 47909,18,54,52.1771,41,36,9.801,5.443,1.042,SAO 47922,18,55,35.7177,42,3,37.01,6.5,0.546
NSV 11536,000-BCD-669,1850+06,18,55,27.4459,6,36,55.043,G9III,5.571,1.04,SAO 124112,18,58,23.705,6,14,23.744,6.205,0.465,SAO 123928,18,48,2.6654,4,14,29.119,6.2,0.575
14 AQL,000-BCF-061,1842-05 B,19,2,54.5,-3,41,56,A1V,5.421,-0.002,HD 182835,19,26,31.1,0,20,19,4.660,0.593,HD 173370,18,44,49.9,2,3,36,5.016,-0.595
DEL CYG,000-BCH-807,,19,44,58.5,45,7,51,B9.5IV,2.868,-0.027,HD 192514,20,13,18.1,46,48,56,4.820,0.100,HD 186155,19,40,50.2,45,31,30,5.066,-0.127
V1427 AQL,000-BDF-752,,19,13,58.6,0,7,32,F7I,8.19,1.5,HD 180028,19,14,44.7,6,2,55,6.934,0.831,HD 181122,19,18,52.7,9,37,5,6.311,0.669
V2365 CYG,000-BCG-651,1921+50M,19,24,14.7407,50,15,19.537,A5,9.323,0.312,SAO 31586,19,20,31.4686,50,20,24.811,7.333,1.547,SAO 31737,19,31,19.3315,50,18,24.141,5.532,-1.235
NSV 12191,000-BCH-256,,19,36,42.20,-24,53,0,B9,4.596,-0.072,HD 182369,19,25,16.5,-24,30,38,5.023,0.237,HD 181240,19,20,38.1,-22,24,9,5.594,-0.309
NSV 12275,000-BCH-526,,19,40,43.4,-16,17,35.8,K1III,5.300,1.126,HD 186185,19,43,33.5,-15,28,12,5.496,0.460,HD 180540,19,17,38.1,-18,57,10,4.921,0.666
CH CYG,000-BCG-667,1921+50,19,24,33.0681,50,14,29.128,M7IIIv,6.584,0.909,SAO 31586,19,20,31.4686,50,20,24.811,7.333,1.547,SAO 31737,19,31,19.3315,50,18,24.141,5.532,-0.638
V1143 CYG,000-BCH-371,1936+54,19,38,41.1,54,58,26,F6Va,5.854,0.444,HD 185395,19,36,26.5,50,13,16,4.512,0.404,HD 184006,19,29,42.4,51,43,47,3.79,0.04
V973 CYG,000-BCH-803,1941+40,19,44,49.0405,40,43,0.492,M4III,6.332,1.626,SAO 68897,19,48,44.0747,39,54,59.945,7.014,0.405,SAO 68909,19,49,27.5043,38,42,36.538,6.107,1.221
KHI CYG,000-BCJ-205,1946+32,19,50,33.922,32,54,50.61,S...,6.09,1.916,SAO 69116,19,56,18.3719,35,5,0.325,3.886,1.027,SAO 68637,19,39,22.6056,30,9,11.956,4.696,0.889
NSV 24912,000-BCJ-270,,19,51,1.6,10,24,57,F8V,5.118,0.551,HD 188310,19,54,14.9,8,27,41,4.704,1.046,HD 185018,19,36,52.5,11,16,24,5.978,-0.495
V395 VUL,000-BCJ-273,1946+22,19,51,4.1084,22,36,36.167,B2.5Ve,4.933,-0.158,SAO 87883,19,53,27.6954,24,4,46.61,4.575,-0.053,SAO 104990,19,34,34.8963,19,46,24.25,5.001,-0.105
EPS PAV,000-BDC-167,1949-73,20,0,35.6,-72,54,38,A0V,3.952,-0.027,HD 200525,21,9,22.5,-73,10,22,5.671,0.588,HD 172555,18,45,26.9,-64,52,17,4.78,-0.615
NSV 12759,000-BCK-283,2000+56,20,2,58.0779,57,5,4.537,A0,7.759,0.061,SAO 32219,20,1,45.538,57,39,6.506,7.68,-0.08,SAO 32116,19,55,22.0661,58,15,0.696,6.093,0.141
V1768 CYG,000-BCK-397,2000+31,20,4,36.2,32,13,7,B1.5Ia,5.638,0.543,HD 193370,20,18,39.1,34,58,58,5.170,0.650,HD 186675,19,44,16.6,37,21,16,4.904,-0.107
V2008 CYG,000-BCK-561,2002+35B,20,6,21.7676,35,58,20.885,K0IV,5.36,0.853,SAO 69116,19,56,18.3719,35,5,0.325,3.885,1.027,SAO 69803,20,18,28.6555,36,59,59.29,5.573,-0.174
V1488 CYG,000-BCL-114,2012+47,20,15,28.3,47,42,51,K5Iab+B4IV-V,3.9,1.52,HD 190147,20,1,21.6,50,6,17,5.058,1.122,HD 192514,20,13,18,46,48,57,4.82,0.398
V695 CYG,000-BCK-989,2010+46,20,13,37.9,46,44,29,K4Iab+B4IV-V,3.8,1.270,HD 185395,19,36,26.5,50,13,16,4.480,0.383,HD 192514,20,13,18.1,46,48,56,4.83,0.887
V4434 SGR,000-BDC-249,2009-36,20,16,23.6109,-36,27,12.869,M4III,6.39,1.54,HR 7703,20,11,11.9381,-36,6,4.366,5.317,0.865,HR 7729,20,16,26.4477,-35,11,54.486,6.53,0.675
NSV 12981,000-BCL-168,2013+40,20,16,55.2855,40,21,54.27,K5Iab:,5.236,1.65,HR 7555,19,49,27.5043,38,42,36.538,6.107,0.896,HR 7568,19,50,46.873,37,49,34.768,6.079,0.754
P CYG,000-BCL-228,2014+37A,20,17,47.2018,38,1,58.549,B2pe,4.776,0.412,SAO 69101,19,55,51.7623,38,29,12.139,4.936,-0.086,SAO 69803,20,18,28.6555,36,59,59.29,5.573,0.498
NSV 13076,000-BKS-461,2020+09,20,25,44.1151,10,3,21.597,K5III,6.321,1.562,SAO 125841,20,28,7.5397,8,26,14.812,6.243,1.077,SAO 126059,20,39,7.7842,10,5,10.331,5.069,0.485
V2125 CYG,000-BCL-881,2030+34,20,33,54.2,35,15,3,K2/K6Ib+B3:V,4.606,1.593,HD 194317,20,23,51.6,32,11,25,4.434,1.330,HD 192806,20,15,46.2,27,48,51,4.517,0.263
EU DEL,000-BCM-022,2033+17B,20,37,54.7287,18,16,6.888,M6III,6.058,1.482,SAO 106396,20,41,58.1654,17,31,17.36,6.202,0.942,SAO 106253,20,34,1.2811,18,11,7.754,7.01,0.54
ALF CYG,000-BCM-159,,20,41,25.9,45,16,49,A2Iae,1.246,0.092,HD 199629,20,57,10.4,41,10,2,3.931,0.022,HD 198639,20,50,4.9,44,3,34,5.058,0.070
U DEL,000-BCM-398,2040+17,20,45,28.2354,18,5,24.122,M5Iab:,6.427,1.595,SAO 106396,20,41,58.1654,17,31,17.36,6.202,0.942,SAO 106253,20,34,1.2811,18,11,7.754,7.01,0.653
EN AQR,000-BCM-531,2042-05,20,47,44.236,-5,1,39.723,M3III,4.426,1.646,HR 7831,20,29,39.0007,-2,53,7.911,4.904,1.158,HR 7873,20,36,43.6323,-2,32,59.846,4.905,0.488
V1661 CYG,000-BCM-573,2045+45,20,48,56.3,46,6,51,B4Ia,4.824,0.400,HD 199629,20,57,10.4,41,10,2,3.931,0.022,HD 198639,20,50,4.9,44,3,34,5.058,0.378
NSV 13408,000-BCM-875,2050+13,20,55,36.69,13,43,17.529,K0III,5.188,1.12,HR 7973,20,49,37.7681,12,32,42.461,6.011,0.42,HR 8057,21,3,1.7948,14,43,48.094,6.304,0.7
NSV 13419,000-BCM-928,2051-10,20,56,54.0278,-9,41,51.161,K5III,5.492,1.47,HR 8096,21,10,46.9396,-9,21,14.666,6.274,1.155,HR 7994,20,53,5.5967,-11,34,25.172,6.373,0.315
V832 CYG,000-BCN-023 ,2056+47,20,59,49.5565,47,31,15.424,B1.5Vnne,4.756,-0.068,SAO 50713,21,19,28.7505,49,30,37.058,5.756,-0.142,SAO 50121,20,50,4.9311,44,3,33.494,5.056,0.074
NSV 13454,000-BDC-392,2055+18,21,0,27.6873,19,19,46.491,M3III,5.648,1.612,HR 7923,20,41,58.1654,17,31,17.36,6.202,0.942,HR 7914,20,40,45.1411,19,56,7.931,6.446,0.67
NSV 13518,000-BCN-174,2101+43,21,4,55.9,43,55,40,K4.5Ib-II,3.733,1.652,HD 204771,21,29,27,46,32,26,5.237,0.977,HD 205435,21,33,58.9,45,35,31,4.007,0.675
NSV 13548,000-BCN-236,,21,6,36.1,47,38,54,K4Ib-IIa,4.556,1.569,HD 204771,21,29,27.0,46,32,26,5.237,0.977,HD 205435,21,33,58.9,45,35,31,4.007,0.592
NSV 13640,000-BCM-684,,21,17,25.0,39,23,41,A0Ia,4.233,0.123,HD 199629,20,57,10.4,41,10,2,3.931,0.022,HD 198639,20,50,4.9,44,3,34,5.058,0.101
V381 CEP,000-BDL-445,,21,19,15.7,58,37,25,M1Ib,5.674,1.335,HD 202987,21,17,14.2,55,47,53,5.981,1.45,HD 203574,21,20,33.4,60,45,23,6.1,-0.115
FZ CEP,000-BCN-722,2116+55,21,19,42.7748,55,27,0.254,M6III,7.307,1.491,SAO 33287,21,17,14.247,55,47,52.804,5.981,1.45,SAO 33303,21,18,26.9325,54,10,25.566,7.431,0.041
V1070 CYG,000-BCN-832,2118+40,21,22,48.6039,40,55,57.183,M7III,7.128,1.186,SAO 71267,21,22,54.7092,38,42,30.643,7.262,1.051,SAO 71280,21,23,48.3884,37,21,5.332,6.43,0.135
V426 CEP,000-BCN-944,2124+59,21,27,25.2771,59,45,0.27,M3II-III...,6.094,1.737,HR 8197,21,24,23.1345,24,31,42.215,6.365,1.044,HR 8312,21,42,45.3671,59,16,15.04,6.077,0.693
BET CEP,000-BCN-968,2127+70,21,28,39.6,70,33,39,B2IIIev,3.233,-0.222,SAO 19432,21,27,46.14,66,48,32.74,5.43,-0.11,SAO 19646,21,47,0.85,70,9,3.18,6.45,-0.112
SX PAV,000-BCW-656,2119-69,21,28,44.9245,-69,30,19.39,M5III,5.639,1.562,HR 8081,21,11,20.9329,-72,32,39.67,6.187,1.085,HR 8061,21,9,22.4466,-73,10,22.685,5.673,0.477
W CYG,000-BCP-079,2132+44,21,36,2.4957,45,22,28.529,M4III,5.497,1.602,SAO 50934,21,29,26.9499,46,32,26.105,5.236,0.976,SAO 50824,21,25,19.5487,46,42,51.629,5.599,0.626
AB CYG,000-BCP-087,2132+31,21,36,33.8071,32,6,10.028,M4:IIIv,8.039,1.839,SAO 71539,21,37,55.5259,33,12,1.68,7.394,1.054,SAO 71514,21,36,33.0365,33,14,3.641,7.446,0.785
V337 CEP,000-BCP-103,,21,37,55.2,62,4,55,B2Ib,4.739,0.293,HD 195725,20,29,34.9,62,59,39,4.213,0.201,HD 198084,20,45,21.1,57,34,47,4.516,0.092
NSV 13834,000-BCP-115,2136+42,21,40,11.1095,43,16,25.822,M1III,5.111,1.583,HR 8228,21,29,26.9499,46,32,26.105,5.236,0.976,HR 8208,21,25,19.5487,46,42,51.629,5.599,0.607
V1339 CYG,000-BCP-188,2138+45,21,42,8.3543,45,45,56.51,M4III:,6.081,1.531,SAO 50934,21,29,26.9499,46,32,26.105,5.236,0.976,SAO 50824,21,25,19.5487,46,42,51.629,5.599,0.555
MIU CEP,000-BCP-244,2140+58,21,43,30.4609,58,46,48.166,M2Ia,4.109,2.323,SAO 33683,21,42,45.3671,59,16,15.04,6.077,1.342,SAO 33657,21,40,32.4477,59,45,9.916,6.88,0.981
EPS PEG,000-BCW-746,2139+09,21,44,11.2,9,52,30,K2Ib,2.387,1.524,HD 210461,22,10,22,14,37,48,6.33,1.08,HD 208565,21,56,56.4,12,4,36,5.541,0.444
NIU CEP,000-BCP-307,,21,45,26.9,61,7,15,A2Ia,4.289,0.518,HD 203280,21,18,34.8,62,35,8,2.459,0.217,HD 198084,20,45,21.1,57,34,47,4.516,0.301
VV CEP,000-BCP-658,2153+63,21,56,39.1,63,37,32,M2Iabe+B0/2Ve,4.937,1.752,HD 216228,22,49,40.8,66,12,2,3.517,1.055,HD 210939,22,12,2.1,60,45,33,5.355,0.697
DM CEP,000-BCQ-016,2206+72,22,8,16.4471,72,46,6.656,M3,6.95,1.93,HD 204624,21,24,24.6,75,58,18,7.225,1.084,SAO 19986,22,17,32.2001,70,3,32.14,7.22,0.846
ZET CEP,000-BCQ-066,,22,10,51.3,58,12,5,K1Ibv,3.354,1.566,HD 210939,22,12,2,60,45,33,5.355,1.169,HD 210855,22,11,48.8,56,50,22,5.253,0.397
BO OCT,000-BDW-549,2208-80,22,20,1.6781,-80,26,23.089,M5III,5.097,1.47,HR 8577,22,35,26.5248,-78,46,17.706,6.137,1.371,HR 8471,22,17,50.5952,-77,30,41.592,5.498,0.099
RW CEP,000-BCQ-372,2219+55A,22,23,7.0163,55,57,47.628,K2...,6.626,2.275,SAO 34256,22,16,26.5637,57,13,12.858,5.878,0.941,SAO 34338,22,20,38.7697,58,24,35.656,6.479,1.334
DEL CEP,000-BCQ-471,2225+57,22,29,10.2663,58,24,54.715,F5Iab:,3.599,0.482,SAO 34256,22,16,26.5637,57,13,12.858,5.877,0.943,SAO 34605,22,35,51.9938,56,4,14.067,6.381,-0.461
V412 LAC,000-BDC-569,2225+47,22,29,31.8222,47,42,24.792,M0II+...,4.361,1.679,HR 8632,22,40,30.8591,44,16,34.698,4.485,1.317,HR 8656,22,44,5.479,41,49,9.245,5.114,0.362
NIU TUC,000-BDC-576,2226-62,22,33,0.0633,-61,58,55.639,M4III,4.859,1.605,HR 8531,22,24,56.3905,-57,47,50.695,5.311,0.665,HR 8620,22,40,48.9182,-57,25,20.359,5.97,0.94
NSV 14213,000-BCQ-525,2229+56,22,33,40.6499,56,37,29.053,K0III,5.707,0.965,SAO 34605,22,35,51.9938,56,4,14.067,6.381,0.097,HD 209992,22,05,58.6,53,37,24,6.97,0.868
IM PEG,000-BCQ-907,2248+16,22,53,2.2659,16,50,28.298,K1.5II-IIIe,5.645,1.118,SAO 108242,22,54,18.0872,17,47,41.985,6.56,1.04,SAO 108400,23,6,18.1402,18,31,3.955,6.157,0.078
LAM AQR,000-BDD-589,2247-08,22,53,36.8759,-7,34,46.557,M2III,3.742,1.64,HR 8841,23,15,53.4947,-9,5,15.853,4.231,1.107,HR 8610,22,37,45.381,-4,13,41.001,5.036,0.533
V424 LAC,000-BCQ-986,2252+49,22,56,26.0,49,44,01,K5Ib,4.969,1.773,HD 218031,23,04,11.0,50,03,08,4.657,1.059,HD 219080,23,12,33.0,49,24,22,4.527,0.714
EW LAC,000-BCR-002,2252+48,22,57,4.5023,48,41,2.645,B3IVpe,5.276,-0.101,SAO 52713,23,7,45.3841,49,17,44.793,5.68,0.417,SAO 52707,23,7,18,46,4,5.337,6.661,-0.518
51 PEG,000-BDC-616,2252+20,22,57,28,20,46,8,G2.5IVa,5.467,0.655,HD 218235,23,6,18.1,18,31,4,6.157,0.441,HD 215510,22,45,28.2,19,22,0,6.255,0.214
V509 CAS,000-BCR-088,2255+56,23,0,5.1007,56,56,43.346,G0Iab:,5.043,1.413,HD 219134,23,13,17.0,57,10,6,5.567,0.994,HD 223165,23,47,3.5,58,39,7,4.869,0.419
OMI AND,000-BCR-111,2257+41,23,1,55.2643,42,19,33.525,B6IIIpe+...,3.622,-0.104,SAO 72575,22,39,15.6787,39,3,0.969,4.88,-0.203,SAO 72883,22,57,40.7385,39,18,31.596,6.177,0.099
ALF PEG,000-BCR-177,,23,4,45.7,15,12,18,A0IV,2.483,-0.04,HD 215648,22,46,41.6,12,10,22,4.197,0.502,HD 221115,23,29,9.3,12,45,38,4.550,-0.542
KX AND,000-BCR-216,2302+49,23,7,6.2127,50,11,32.489,Bpe,7.02,0.336,SAO 52713,23,7,45.3841,49,17,44.793,5.68,0.417,SAO 52707,23,7,18,46,4,5.337,6.661,-0.081
V342 PEG,000-BCR-221,2302+20,23,7,28.715,21,8,3.302,A5V,5.98,0.255,HD 217715,23,2,21.0535,23,20,25.811,6.84,0.05,HD 218261,23,6,31.8854,19,54,39.07,6.437,0.205
SZ PSC,000-BCR-327,2308+02,23,13,23.7857,2,40,31.582,K1IV-V+...,7.4,0.83,SAO 128034,23,12,38.5903,2,41,10.397,7.713,0.624,SAO 128043,23,13,28.3829,0,55,50.064,7.534,0.206
KHI AQR,000-BCR-358,2311-08,23,16,50.9395,-7,43,35.413,M3III,5.017,1.606,SAO 146598,23,15,53.4947,-9,5,15.853,4.231,1.107,SAO 146652,23,20,40.8874,-5,54,28.711,6.165,0.499
NSV 14484,000-BCR-363,2313+48C,23,17,44.647,49,0,55.079,M2III,4.827,1.657,HR 8874,23,19,29.8082,48,37,31.16,5.432,1.034,HD 218031,23,04,11.0,50,03,08,4.657,0.623
DR TUC,000-BDC-654,2317-60,23,22,56.7754,-60,3,21.034,M3III,6.082,1.607,HR 8829,23,14,6.5865,-62,42,0.013,6.117,0.795,HR 8843,23,16,57.687,-62,0,4.313,5.655,0.812
HW PEG,000-BCW-706,2328+21,23,33,28.0937,22,29,55.589,M5III,5.333,1.588,HR 8922,23,29,5.6776,23,2,53.101,6.44,1.1,HR 8839,23,14,36.4919,24,6,10.433,6.34,0.488
NSV 26113,000-BDC-676,2330+24,23,35,55.9421,24,33,39.644,M1III,6.455,1.714,HR 8922,23,29,5.6776,23,2,53.101,6.44,1.1,HR 8839,23,14,36.4919,24,6,10.433,6.34,0.614
LAM AND,000-BCR-733,2332+45,23,37,33.8425,46,27,29.347,G8III,3.81,1.005,SAO 53355,23,46,2.047,46,25,12.99,4.99,1.111,SAO 53270,23,41,5.4413,46,13,5.742,6.99,-0.106
NSV 14679,000-BCR-886,2338+09,23,43,22.3594,10,19,53.53,M2III,5.052,1.684,HR 8923,23,29,9.2959,12,45,37.993,4.539,0.938,HR 8893,23,23,4.5685,12,18,50.077,5.095,0.746
TX PSC,000-BCR-950,2341+02,23,46,23.5165,3,29,12.519,CII...,5.084,2.567,SAO 128427,23,51,57.8388,2,55,49.384,5.558,1.536,SAO 128310,23,39,57.0409,5,37,34.65,4.124,1.031
V566 CAS,000-BCS-000,,23,48,50.2,62,12,52,A3eqIa-0,5.442,0.674,HD 224893,0,1,37.0,61,13,22,5.548,0.422,HD 1239,0,16,57.0,61,32,0,5.729,0.252
HH PEG,000-BCW-700,2346+08,23,51,21.2487,9,18,48.063,M3III,5.789,1.658,HR 8923,23,29,9.2959,12,45,37.993,4.539,0.938,HR 8893,23,23,4.5685,12,18,50.077,5.095,0.72
SAO 91548,000-BDC-699,2347+21,23,52,23.3905,21,40,15.958,M2III,6.123,1.598,HR 8922,23,29,5.6776,23,2,53.101,6.44,1.1,HR 8839,23,14,36.4919,24,6,10.433,6.34,0.498
PHI PEG,000-BDC-698,2347+18,23,52,29.2882,19,7,13.033,M2III,5.086,1.593,HR 9055,23,56,41.5012,22,38,53.129,6.161,1.607,HR 9035,23,52,23.3905,21,40,15.958,6.123,-0.014
RHO CAS,000-BCS-075,2349+56,23,54,23.0324,57,29,57.776,G2Ia0e,4.47,1.133,HD 219134,23,13,17.0,57,10,6,5.567,0.994,HD 223165,23,47,3.5,58,39,7,4.869,0.139
XZ PSC,000-BCS-081,2349-00,23,54,46.6233,0,6,33.511,M5III,5.678,1.6,SAO 128393,23,48,49.3657,2,12,51.888,6.459,0.444,SAO 128427,23,51,57.8388,2,55,49.384,5.558,1.156
II PEG,000-BCS-087,2350+28,23,55,4.053,28,38,1.239,K0V...,7.44,1.018,SAO 91503,23,48,35.0336,28,22,15.711,7.03,1.46,SAO 91568,23,54,29.6901,29,38,17.674,8.52,-0.442
NSV 26170,000-BDC-705,2351+22,23,56,41.5012,22,38,53.129,M2III,6.161,1.607,HR 8922,23,29,5.6776,23,2,53.101,6.44,1.1,HR 8839,23,14,36.4919,24,6,10.433,6.34,0.507
V1022 CAS,000-BCS-142,,23,57,8.5,55,42,21,F1/6V+F3V,5.56,0.476,HD 224893,0,1,37.0,61,13,22,5.584,0.422,HD 218470,23,7,45.4,49,17,45,5.680,0.054
